State,District,Total Updates,Youth Ratio,Volatility,Cluster,Priority Score
Maharashtra,Thane,447253,0.08069258339239758,4.729588655697467,High Stress Urban,0.8158847764824158
Gujarat,Surat,357582,0.09843336633275725,6.559660209018227,High Stress Urban,0.8059703652949184
Maharashtra,Pune,438478,0.07444843298865622,3.5030190060347848,High Stress Urban,0.774072268038156
West Bengal,South 24 Parganas,401187,0.06911490152971059,3.7152987568600744,High Stress Urban,0.7578422627259587
Punjab,Amritsar,99075,0.06458743376230129,9.50692823602528,High Stress Urban,0.7384396718559447
West Bengal,Murshidabad,371953,0.08363959962683458,3.723257205528918,High Stress Urban,0.7326726149745056
Uttar Pradesh,Firozabad,139201,0.08347641180738644,8.177762769867424,High Stress Urban,0.7161609078412079
Chhattisgarh,Kondagaon,61964,0.06766832354270222,9.576533914154211,High Stress Urban,0.7144951454293144
Uttar Pradesh,Aligarh,186462,0.08467140757902414,6.684706671139872,High Stress Urban,0.700611497195058
Uttar Pradesh,Moradabad,163505,0.08176508363658604,7.049354057641261,High Stress Urban,0.6977984787697091
Rajasthan,Jaipur,275340,0.10730006537371976,4.975619911328797,High Stress Urban,0.6976362563028299
Delhi,North West Delhi,313989,0.12657768265767272,4.092284999990202,High Stress Urban,0.6881776638945528
Karnataka,Bengaluru,303924,0.12681130809018043,4.235570347556222,High Stress Urban,0.6858216252943417
Delhi,West Delhi,231805,0.1108819913289187,5.391973992103694,High Stress Urban,0.6800447747895384
Gujarat,Ahmedabad,267884,0.11845425631989966,4.584056464397307,High Stress Urban,0.6759070311868625
Uttar Pradesh,Ghaziabad,239761,0.08584381947022243,4.765604016545245,High Stress Urban,0.6757746068015156
Delhi,South Delhi,213489,0.09522270468267686,5.385335859133831,High Stress Urban,0.6738148481950391
West Bengal,North 24 Parganas,290477,0.05170805261690254,2.9057113404153934,High Stress Urban,0.6651832533977441
West Bengal,Uttar Dinajpur,270232,0.06504411024601084,3.429997611255353,High Stress Urban,0.6626933303856066
Jharkhand,Dhanbad,107797,0.05358219616501387,6.725347675008283,High Stress Urban,0.6615547701937537
