state,district,pincode,total_updates,youth_ratio,anomaly_score
Uttar Pradesh,Aligarh,202001,81733,0.0701272050654027,-0.8307846607908305
Uttar Pradesh,Saharanpur,247001,75870,0.07021571414307466,-0.8296612259983361
Delhi,North East Delhi,110094,95517,0.13720318350072103,-0.8291000784204722
Uttar Pradesh,Moradabad,244001,97289,0.08377531257102462,-0.8279789216171307
Uttar Pradesh,Firozabad,283203,88415,0.08224956187621654,-0.8268592809064906
Haryana,Panipat,132103,54488,0.13014078042115723,-0.8257411542384044
Uttar Pradesh,Lucknow,226003,47880,0.061018813490256826,-0.8251826580304059
Uttar Pradesh,Rampur,244901,75918,0.08579693275258539,-0.8246245395654964
Delhi,West Delhi,110059,115643,0.09770190192041034,-0.8246245395654964
Punjab,Amritsar,143001,55708,0.07257836806312915,-0.8246245395654964
Haryana,Faridabad,121004,65766,0.1158771408292525,-0.8240667985881867
Delhi,East Delhi,110092,64956,0.0947662672349133,-0.8240667985881867
Maharashtra,Thane,421302,61366,0.07651249157061081,-0.8240667985881867
Uttar Pradesh,Ghaziabad,201102,57706,0.08013129542782021,-0.8229524480752726
Delhi,North West Delhi,110086,55605,0.12344566403003113,-0.8229524480752726
Gujarat,Surat,395010,53316,0.08559380938088976,-0.8229524480752726
Delhi,South Delhi,110044,45783,0.08464074209464917,-0.8223958380295531
Uttar Pradesh,Pilibhit,262122,59174,0.08860299806135725,-0.8212837470855947
Delhi,North Delhi,110084,50898,0.11879050763757744,-0.8212837470855947
Maharashtra,Thane,400612,42630,0.1252770646261719,-0.8207282656782751
Delhi,South Delhi,110062,50788,0.07981333716300125,-0.8207282656782751
Rajasthan,Jaipur,302012,49777,0.09518524639062703,-0.8207282656782751
Gujarat,Surat,394210,45269,0.08049642689903172,-0.8207282656782751
Punjab,Patiala,147001,41050,0.06514203152351823,-0.8201731599749614
Delhi,North West Delhi,110085,46275,0.1001821351765268,-0.8201731599749614
Uttar Pradesh,Meerut,250002,44591,0.07219488090562128,-0.8196184297215438
Delhi,East Delhi,110091,42760,0.09811045545016175,-0.8196184297215438
Delhi,West Delhi,110041,42470,0.11264735656840709,-0.8190640746640834
Uttar Pradesh,Ghaziabad,201001,42754,0.08134377680643819,-0.8190640746640834
Uttar Pradesh,Shahjahanpur,242001,57749,0.09411332055298545,-0.818510094548814
Gujarat,Surat,395006,45488,0.08552111159421805,-0.818510094548814
Uttar Pradesh,Bulandshahr,203001,44607,0.10353085466634246,-0.8179564891221405
Maharashtra,Thane,401107,48587,0.09043997061853333,-0.8174032581306395
Delhi,North West Delhi,110033,42248,0.10438834721944193,-0.816850401321059
Uttar Pradesh,Gautam Buddha Nagar,201301,41781,0.08826180603911206,-0.8162979184403182
Uttar Pradesh,Budaun,243601,45386,0.09006966258846807,-0.8157458092355075
Chhattisgarh,Kondagaon,494226,46333,0.13898673939470887,-0.8151940734538886
Haryana,Gurgaon,122001,39724,0.12177997992000934,-0.813702594253717
West Bengal,Uttar Dinajpur,733207,41813,0.05272863120768309,-0.8135411041233598
Delhi,East Delhi,110096,32764,0.12750562506669824,-0.8120526491961256
Madhya Pradesh,Morena,476001,33433,0.14598378170187493,-0.8115034113109321
West Bengal,South 24 Parganas,743329,39909,0.083334387572396,-0.8113293672472803
Uttar Pradesh,Kushinagar,274304,40490,0.11153924426946428,-0.8109545449068917
Madhya Pradesh,Katni,483501,28866,0.17217672065684966,-0.8107936001635718
Bihar,Kishanganj,855101,50601,0.04651566768338698,-0.8102452138456119
Delhi,South West Delhi,110043,39193,0.11741647237227633,-0.809857925537424
Madhya Pradesh,Ratlam,457001,36681,0.11109415696030658,-0.8093101720699983
Delhi,North West Delhi,110042,32362,0.12574656998384992,-0.8087627890797287
Uttar Pradesh,Meerut,250001,40179,0.09332679711148648,-0.8085893328004576
West Bengal,Malda,732125,39573,0.09810773660428594,-0.8080424373552214
West Bengal,Uttar Dinajpur,733202,38049,0.05548362688404121,-0.8064168809286505
Uttar Pradesh,Kanpur Nagar,208001,39212,0.07012867655332747,-0.8064039693999101
Chhattisgarh,Mahasamund,493558,41273,0.09694577335284625,-0.8064039693999101
Uttar Pradesh,Pilibhit,262001,41635,0.09106129459546289,-0.8064039693999101
Gujarat,Surat,395004,37120,0.08783155738952104,-0.8053135035803233
Uttar Pradesh,Bareilly,243001,36823,0.08103643783918024,-0.8047688237666903
Delhi,South West Delhi,110045,35487,0.1075955542576493,-0.8033092803779184
Maharashtra,Beed,431122,35609,0.12527833332896993,-0.8027659561356444
Maharashtra,Aurangabad,431001,33225,0.10730759369031868,-0.8027659561356444
Uttar Pradesh,Shamli,247776,32847,0.09925012743928377,-0.8025937860039853
Haryana,Mewat,122508,33780,0.0766957590104701,-0.8025937860039853
Chhattisgarh,Durg,491001,28166,0.15228120009159388,-0.8022229993747868
Madhya Pradesh,Barwani,451666,25801,0.17160090212926002,-0.8018863446924833
Uttar Pradesh,Bijnor,246701,33198,0.08676171347302407,-0.8004246266862816
Uttarakhand,Nainital,263139,29715,0.114295448878922,-0.8000548421770666
Chhattisgarh,Surguja,497001,34469,0.10714732044791503,-0.7998832535011153
Uttar Pradesh,Muzaffarnagar,251001,33136,0.09505427433734752,-0.7998832535011153
Madhya Pradesh,Barwani,451551,29937,0.1074629337886708,-0.7995137190984198
Chhattisgarh,Bilaspur,495001,32946,0.09861751428752942,-0.7993422464777535
Delhi,North West Delhi,110034,30665,0.09512857940573358,-0.7993422464777535
Uttar Pradesh,Gautam Buddha Nagar,201306,31205,0.10224507862059455,-0.7977214199027692
Rajasthan,Ajmer,305001,30985,0.10695937153491555,-0.7977214199027692
Madhya Pradesh,Singrauli,486886,25606,0.14167690634609936,-0.7971764836114562
West Bengal,Murshidabad,742135,29154,0.11334172482623947,-0.7968135886465053
Gujarat,Ahmedabad,382330,29334,0.10955720703334362,-0.7968135886465053
Rajasthan,Alwar,301001,30379,0.1143930070069366,-0.7968135886465053
Uttar Pradesh,Bulandshahr,203131,29189,0.09940814635185917,-0.7966426951259015
Haryana,Palwal,121102,29956,0.0980017462175183,-0.7966426951259015
Haryana,Sonipat,131001,26946,0.12694613457809537,-0.7944842465084121
Chhattisgarh,Mahasamund,493449,36777,0.09700970187992229,-0.7939522607418231
Uttar Pradesh,Amroha,244221,31559,0.07182115702245218,-0.7939522607418231
Chhattisgarh,Mahasamund,493445,38911,0.1022280965000083,-0.7934152651897907
Haryana,Faridabad,121001,27954,0.1090502322619432,-0.793048718903407
West Bengal,Uttar Dinajpur,733134,32810,0.07206146970170174,-0.7928786328387177
Chhattisgarh,Kawardha,491559,36485,0.09353920191409314,-0.7928786328387177
West Bengal,Murshidabad,742202,29722,0.093613460770358,-0.7923423634429506
Bihar,West Champaran,845438,32082,0.07936460588732185,-0.7912709125355498
Telangana,Hyderabad,500053,24797,0.1433519812334331,-0.7912655610718445
Chhattisgarh,Bastar,494001,26176,0.13952938148610586,-0.7912655610718445
Haryana,Rewari,123401,24145,0.1395303486854167,-0.7912655610718445
Haryana,Karnal,132001,25208,0.1475139472220885,-0.7912655610718445
Uttar Pradesh,Ghaziabad,201009,27604,0.08766341170764626,-0.7905607938407633
Uttar Pradesh,Varanasi,221001,32044,0.05653525748133783,-0.7902135626033302
Madhya Pradesh,Indore,452001,27091,0.11835402232965765,-0.7901955662785314
Delhi,North East Delhi,110093,22428,0.1400962388816552,-0.7885932864304405
Gujarat,Gandhinagar,382721,27488,0.10084613733993929,-0.7878908993504644
Uttar Pradesh,Hapur,245101,27640,0.10705219998130718,-0.7878908993504644
Bihar,Katihar,855113,26973,0.06489886807553563,-0.7870121789422854
Uttarakhand,Udham Singh Nagar,244713,25526,0.10559252300697909,-0.7868254679687904
Bihar,Sitamarhi,843302,29652,0.06964938369695152,-0.7859353520161146
West Bengal,South 24 Parganas,743502,28531,0.06906659337715611,-0.7848725650379996
Maharashtra,Thane,421301,26081,0.0873671277341373,-0.7846989254699394
Rajasthan,Bikaner,334001,27384,0.10466735074598486,-0.7836378104589007
Delhi,South Delhi,110025,25736,0.09780736548277867,-0.7831077911624914
Haryana,Kaithal,136027,22830,0.14918928561432662,-0.7827460067788495
Uttar Pradesh,Bareilly,243123,27465,0.07921876237928469,-0.7820488277747613
Chhattisgarh,Baloda Bazar,493118,29202,0.09608907949035587,-0.7816928193026353
Madhya Pradesh,Indore,452010,23238,0.11623019488360076,-0.7806304897843144
Chhattisgarh,Mungeli,495115,28727,0.06855495748291088,-0.7795801487435786
Gujarat,Ahmedabad,382350,23605,0.11651979843896129,-0.7795748763459647
Madhya Pradesh,Indore,452016,23594,0.11840947500402942,-0.77799413207486
Chhattisgarh,Rajnandgaon,491441,26895,0.1303883262462704,-0.77799413207486
Madhya Pradesh,Sidhi,486661,23941,0.10713933632875017,-0.7778272747846057
Madhya Pradesh,Chhindwara,480001,19655,0.14863087237130612,-0.7769420836710085
Uttarakhand,Dehradun,248001,27305,0.08395506311447672,-0.776775452014777
Uttarakhand,Udham Singh Nagar,263148,22933,0.09773035687673204,-0.7762500741258469
Uttar Pradesh,Unnao,209801,27848,0.07777465908199778,-0.7762500741258469
Chhattisgarh,Janjgir-Champa,495668,26056,0.07070624247294305,-0.7758967053935345
Maharashtra,Thane,421306,23365,0.11042829624537873,-0.7758914579075065
Uttar Pradesh,Gautam Buddha Nagar,203207,24398,0.08815152154450644,-0.7757250515801828
Delhi,North East Delhi,110053,20762,0.1315403079923268,-0.7753666779146049
Madhya Pradesh,Ujjain,456006,21089,0.10578375753609033,-0.7752003841374457
Uttar Pradesh,Agra,282001,24969,0.09770934850560445,-0.7752003841374457
Bihar,Kishanganj,855107,30057,0.05721488242569818,-0.774859899521032
Bihar,Araria,854318,29162,0.05392847131311771,-0.774859899521032
Madhya Pradesh,Gwalior,474001,19008,0.1550772041939106,-0.7748422528605781
Andhra Pradesh,East Godavari,533101,20955,0.14483842802094937,-0.7748422528605781
Rajasthan,Tonk,304001,20037,0.13764880359004328,-0.7748422528605781
Madhya Pradesh,Jabalpur,482001,24090,0.09472309454242482,-0.7746760715574593
Madhya Pradesh,Bhind,477001,18956,0.1625702973969071,-0.7734246013574714
Madhya Pradesh,Dhar,454001,19086,0.12852498505858062,-0.7732711049319015
Chhattisgarh,Rajnandgaon,491888,29052,0.06322851016509597,-0.7722430303408213
Madhya Pradesh,Datia,475661,18945,0.13356410721898518,-0.7722254432769499
Uttar Pradesh,Bijnor,246725,26130,0.08162107188354147,-0.7720598232039719
Delhi,East Delhi,110031,20507,0.11907612970751574,-0.7717031428204734
West Bengal,Uttar Dinajpur,733210,24661,0.06465716213392017,-0.7705690199261863
Rajasthan,Jodhpur,342001,24718,0.07714493689880572,-0.7694524104860467
Chhattisgarh,Kawardha,491995,26062,0.10583621654904457,-0.7689319855910467
Chhattisgarh,Raipur,492001,23389,0.10506501386789756,-0.7689319855910467
Madhya Pradesh,Seoni,480661,17284,0.17748987842775352,-0.7670183068563163
Bihar,Purnia,854315,25821,0.05681589814282286,-0.7659985454464524
Punjab,Ludhiana,141008,23363,0.0578876517896896,-0.764855387020743
Andhra Pradesh,Chittoor,517425,16450,0.2248977529123476,-0.764427920427608
Delhi,North West Delhi,110039,17585,0.1546780704328649,-0.763910893884053
Maharashtra,Nashik,423203,22080,0.0916940332044082,-0.7637470570419815
West Bengal,Murshidabad,742148,22371,0.08003129236148492,-0.7637470570419815
Uttar Pradesh,Bijnor,246733,23152,0.08484971166653982,-0.7637470570419815
Chhattisgarh,Surguja,497101,23239,0.10747044959354204,-0.7623619114761006
Maharashtra,Latur,413512,22692,0.07445226917949911,-0.7616828882506931
Chhattisgarh,Kabeerdham,491995,18442,0.16566451023183904,-0.7613310018598716
Chhattisgarh,Surguja,497116,24108,0.0938818198548336,-0.7611677183301897
Uttar Pradesh,Budaun,243638,23539,0.09380137283926307,-0.7611677183301897
Haryana,Sirsa,125055,22645,0.09734396636711591,-0.7611677183301897
Andhra Pradesh,Chittoor,517247,16698,0.2015972600001765,-0.7608160699403616
Maharashtra,Solapur,413304,28445,0.05029435862868023,-0.7603951169906645
Telangana,Mahabubnagar,509001,16360,0.2059102327346609,-0.760301486298908
Chhattisgarh,Bilaspur,495224,20916,0.12719263230212452,-0.7587598226880787
Uttarakhand,Udham Singh Nagar,262308,19484,0.11458227262548219,-0.7587598226880787
Uttar Pradesh,Kaushambi,212217,19927,0.11475787750101893,-0.7577337840234466
West Bengal,South 24 Parganas,743338,21580,0.09254123238390523,-0.7575712719931834
Uttar Pradesh,Etawah,206001,19765,0.1165528202016266,-0.7567091328272991
Telangana,Vikarabad,501141,16994,0.1665801616765066,-0.7567091328272991
Gujarat,Rajkot,360004,21063,0.08035687025967538,-0.7565468405551484
Uttarakhand,Udham Singh Nagar,263153,18126,0.1317312592605384,-0.7561973269434907
Tamil Nadu,Tiruvallur,600053,19337,0.13321008662224343,-0.7561973269434907
Delhi,Central Delhi,110008,21580,0.10198761067775425,-0.7560351444389327
Haryana,Jhajjar,124507,18612,0.1220431205683132,-0.7556858672234213
Uttar Pradesh,Mirzapur,231001,21460,0.10858021299392866,-0.7556858672234213
Jammu And Kashmir,Kupwara,193224,16169,0.1951549560990727,-0.7551747534329605
Uttar Pradesh,Bareilly,243122,19771,0.0721475504856968,-0.7545021316911037
Chhattisgarh,Korba,495674,22125,0.05909777054978245,-0.7535549038069429
West Bengal,Uttar Dinajpur,733208,22440,0.06122924976142896,-0.753045231309533
Delhi,North West Delhi,110040,16759,0.13852653366734494,-0.7526243652412972
West Bengal,South 24 Parganas,743349,19970,0.08167168192211023,-0.752462949033917
Telangana,Jogulamba Gadwal,509125,15247,0.18474905972546904,-0.7517558192618582
Haryana,Faridabad,121005,18706,0.11215818605069529,-0.7516066232950434
Chhattisgarh,Bilaspur,495551,18923,0.12767796273495594,-0.751098268531735
Delhi,East Delhi,110051,19389,0.0916057328668054,-0.7504292776479842
Gujarat,Surat,395009,19598,0.0909044942793503,-0.7504292776479842
West Bengal,South 24 Parganas,743355,22887,0.05708241569442553,-0.7504269343313348
Uttar Pradesh,Bareilly,243503,19915,0.10077407328786755,-0.7499217191912133
Uttar Pradesh,Hardoi,241001,19953,0.11091741010375764,-0.749575266289047
Punjab,Gurdaspur,143505,21114,0.05277173127070232,-0.7484736633237117
Uttar Pradesh,Rampur,244924,19891,0.08767854058978933,-0.7484011026380673
Madhya Pradesh,Morena,476229,17501,0.12389782074488646,-0.7480553522385816
Rajasthan,Hanumangarh,335524,17926,0.12362921977916255,-0.7480553522385816
Bihar,Katihar,854317,23033,0.055217115459414795,-0.7473867378071677
Madhya Pradesh,Shivpuri,473551,18337,0.10551425108807157,-0.7468835694396803
Uttar Pradesh,Rampur,244921,20830,0.08956024164776048,-0.7463784091491856
Maharashtra,Nashik,422003,18405,0.10464222928263595,-0.7458735905276331
Delhi,West Delhi,110063,18152,0.08641005279093782,-0.7458735905276331
Madhya Pradesh,Guna,473001,18116,0.10331256792016158,-0.7453691133439325
Maharashtra,Pune,412105,18676,0.0899576835107516,-0.7453691133439325
Uttar Pradesh,Jaunpur,222001,17294,0.13253641373387776,-0.7450247636793014
Gujarat,Kachchh,370001,17997,0.09637391712336284,-0.7448649773671496
West Bengal,Murshidabad,742213,17826,0.10629478115249409,-0.7443611823665067
Chhattisgarh,Raipur,493225,22062,0.06120083502257719,-0.7438554053152824
Telangana,Medchal-Malkajgiri,500055,15447,0.1617011161992984,-0.7428034634420476
Delhi,North Delhi,110006,18848,0.10988547042831937,-0.7425086541945143
Chhattisgarh,Narayanpur,494661,16756,0.1875305812417315,-0.7425086541945143
Gujarat,Surat,395007,17618,0.11303365260770161,-0.7420064529106795
Andhra Pradesh,Annamayya,517325,13709,0.1758513916690665,-0.7417990018839565
Uttar Pradesh,Kheri,262802,22864,0.07307784483285266,-0.7417432260941303
Telangana,Medchal-Malkajgiri,500090,14271,0.17585067958417414,-0.7411501602484207
Delhi,South West Delhi,110046,17659,0.11594648785077238,-0.741003069116061
Chandigarh,Chandigarh,160101,15236,0.09724525127805544,-0.740991204926893
Madhya Pradesh,Sheopur,476337,16531,0.13390696414434997,-0.740501886145959
Manipur,Imphal East,795010,15574,0.17847276267038914,-0.7396473297886548
Uttar Pradesh,Rae Bareli,229001,21823,0.07739702474696573,-0.7389160354331983
Rajasthan,Banswara,327801,24986,0.10652503487970828,-0.7386642863138433
Manipur,Bishnupur,795133,15392,0.18135387286346086,-0.7381475466187796
Haryana,Rohtak,124001,14025,0.1737970215830302,-0.7381475466187796
West Bengal,Uttar Dinajpur,733129,19876,0.06455290882073536,-0.7374892309103821
Uttar Pradesh,Ghaziabad,201002,18327,0.09102522388407706,-0.7368450180414413
Rajasthan,Pali,306401,17526,0.10206001948033416,-0.7368450180414413
Maharashtra,Nanded,431715,22812,0.06130105773103465,-0.736842717143475
Chhattisgarh,Jashpur,496225,13976,0.21870179245139132,-0.7366508045598041
Punjab,Sas Nagar (Mohali),140301,19454,0.07097662059649572,-0.7359081747005218
Rajasthan,Sikar,332001,17016,0.09585386627013219,-0.735745367662438
Gujarat,Rajkot,360002,20767,0.07831682300147488,-0.7348535570253449
Bihar,Kishanganj,855116,21632,0.056523583720919035,-0.7348512623459842
Telangana,Hyderabad,500013,14828,0.16335817195848554,-0.7348057004315522
Haryana,Hisar,125001,16555,0.12854666003003956,-0.7345140653944408
Jammu And Kashmir,Budgam,191111,9063,0.3280501907556682,-0.7341646291790416
Jharkhand,Palamu,822113,17601,0.13761231413786676,-0.7340172713105578
Haryana,Palwal,121103,17982,0.08883002270422494,-0.7338598457878689
Maharashtra,Mumbai Suburban,400043,15912,0.12630494076158233,-0.7335208132370705
Maharashtra,Raigad,410206,19115,0.08180635747479406,-0.7333634941903118
Madhya Pradesh,Umaria,484661,15540,0.12796519024117178,-0.7326743131998739
Madhya Pradesh,Vidisha,464001,14311,0.1379943112502353,-0.7326743131998739
Madhya Pradesh,Dhar,454446,15722,0.10161372249614774,-0.7323717979014872
Madhya Pradesh,Neemuch,458441,15251,0.1547374631954806,-0.7321787634461531
Karnataka,Bengaluru,560064,16974,0.10079073676575595,-0.7318764527562518
Bihar,Araria,854311,20170,0.07629097849048946,-0.7318764527562518
Manipur,Thoubal,795148,15914,0.1592787977210698,-0.7316835488612159
Uttar Pradesh,Chandauli,232101,19250,0.08828399371063474,-0.7313814426414118
Chhattisgarh,Bastar,494442,14561,0.1809148991135734,-0.7311886692183684
Maharashtra,Nagpur,440034,16452,0.11066655712170397,-0.7310435550767378
Haryana,Faridabad,121002,16149,0.12788917471745026,-0.7310435550767378
Chhattisgarh,Bemetara,491335,19285,0.10244949714222842,-0.7303924265966693
Chhattisgarh,Mungeli,495334,22172,0.06930263924209552,-0.7303784515819794
Bihar,Bhagalpur,812005,16056,0.08625413280074494,-0.7302899459753498
Andhra Pradesh,Kurnool,518002,13315,0.17718814660230403,-0.7301832842790572
Rajasthan,Barmer,344001,15891,0.14254223083926915,-0.7300549959429904
Delhi,North West Delhi,110052,18467,0.09075985674286675,-0.7292433796896267
Telangana,Adilabad,504001,15390,0.14207151225635403,-0.729212495539363
Telangana,Hyderabad,500028,15769,0.14811014752459073,-0.7290677735957506
Gujarat,Rajkot,360003,19281,0.062421039360053776,-0.7289091334732869
Karnataka,Kolar,563101,16014,0.1089891240287093,-0.7280818862273389
Maharashtra,Nanded,431712,22328,0.04729473956801005,-0.7277898411205771
Chhattisgarh,Korba,495445,17635,0.06348420544345382,-0.7273429756919685
Uttar Pradesh,Sambhal,244302,18560,0.08668274574392923,-0.7272724635181929
Madhya Pradesh,Bhopal,462001,16323,0.11389046527070368,-0.7266055543117397
Karnataka,Bangalore Rural,561203,15990,0.09691686640630634,-0.7264497183884623
Jharkhand,Giridih,815312,18089,0.13978535099549175,-0.7264448053185643
Jharkhand,Ranchi,834001,18193,0.08051641777264536,-0.7262890038713071
Telangana,Hyderabad,500008,15481,0.14465779665460177,-0.7262582448416673
Uttar Pradesh,Gautam Buddha Nagar,201304,16791,0.1038649106642945,-0.7259583786860155
Madhya Pradesh,Dewas,455001,14141,0.13781147455671386,-0.7257670346437867
Delhi,South Delhi,110019,18247,0.07769498336822288,-0.7254301171437519
Uttar Pradesh,Ghaziabad,201005,18566,0.07628688511762789,-0.7239591622213247
Maharashtra,Hingoli,431512,21561,0.06265189350937475,-0.7238339088165374
Andhra Pradesh,Tirupati,517501,14669,0.14138106921690466,-0.7238055139428626
Telangana,Hyderabad,500059,15103,0.13660840116864634,-0.723315962667877
Uttar Pradesh,Unnao,241503,18393,0.07991905980366114,-0.7230527504262658
Bihar,Araria,854333,20221,0.0477430711899189,-0.723015053637652
Madhya Pradesh,Dhar,454552,13816,0.13184481325595573,-0.7224812392650042
Madhya Pradesh,Indore,453441,14902,0.13232501449785802,-0.7223378532289592
Chandigarh,Chandigarh,160036,15513,0.08302797770154978,-0.7220816038488728
Jammu And Kashmir,Kupwara,193222,12414,0.1722713424625085,-0.7214170414192783
Madhya Pradesh,Indore,452002,15524,0.11699939610567522,-0.7213610664458707
Madhya Pradesh,Morena,476111,13274,0.1487621549534411,-0.7213446381679173
Jammu And Kashmir,Kulgam,192231,11232,0.20043019837753304,-0.7212738665874866
Telangana,K.V. Rangareddy,500049,12977,0.18454958872169525,-0.7209291056055549
Bihar,West Champaran,845454,17934,0.09540802718263902,-0.7209036994481182
Karnataka,Haveri,581115,11843,0.16638788010283698,-0.7207556086442909
Madhya Pradesh,Chhatarpur,471001,13907,0.13824793605456778,-0.7205285990385945
Madhya Pradesh,Damoh,470880,14602,0.12443569342762363,-0.7203856005300403
Manipur,Churachandpur,795128,12935,0.17041358697437659,-0.7199542238120127
Gujarat,Banaskantha,385001,14091,0.11980808142085038,-0.7198983623390798
Madhya Pradesh,Ujjain,456010,14213,0.1261047208625416,-0.7194114536953155
Bihar,Kishanganj,855117,19170,0.04992932869380805,-0.718953077782152
Gujarat,Bharuch,392001,14141,0.12252017644492312,-0.7189248743758553
Madhya Pradesh,Ratlam,457114,12801,0.12426635322725042,-0.7189085015797436
Madhya Pradesh,Morena,476115,14963,0.120599646395052,-0.7184386241579586
Manipur,Thoubal,795103,17259,0.13266865718476945,-0.7180363686837314
Rajasthan,Bharatpur,321001,14944,0.1233041400321928,-0.717952702819035
Tamil Nadu,Tiruvallur,600077,13826,0.14662634654403298,-0.7166391364452945
Bihar,West Champaran,845455,17544,0.08839521338485236,-0.7165272554627733
Madhya Pradesh,Mandla,481995,12382,0.14554935185226212,-0.7163800636848605
Rajasthan,Dholpur,328021,13563,0.15713585483220358,-0.7162965908134384
Manipur,Thoubal,795138,12161,0.1761552344783578,-0.7160678617354186
Andhra Pradesh,Srikakulam,532407,8587,0.3112117969956336,-0.7151174501838219
Haryana,Yamuna Nagar,135001,14082,0.13276139290728964,-0.7150440687978272
Maharashtra,Pune,411033,16083,0.09071811141467129,-0.7136821583389287
Jharkhand,Giridih,825412,17647,0.14198732170370612,-0.7136659049404395
West Bengal,Uttar Dinajpur,733201,17234,0.06751337224546149,-0.7136221679525829
Andhra Pradesh,Guntur,522001,14676,0.11372663298237759,-0.7135941736695524
Andhra Pradesh,Kurnool,518001,13233,0.1407122331719947,-0.7135779222748261
Madhya Pradesh,Damoh,470661,14234,0.11648315287004461,-0.7131115289109635
Uttarakhand,Udham Singh Nagar,262401,14674,0.09753891855641428,-0.7129585870667289
Uttarakhand,Haridwar,247667,16223,0.09179227363589935,-0.7122350247570056
Madhya Pradesh,Gwalior,474006,15212,0.12491443941281158,-0.7121472184941765
Madhya Pradesh,Satna,485001,13469,0.12113080386890288,-0.7121310000524095
Maharashtra,Palghar,401209,16941,0.0909008892547434,-0.7117370897983031
Chhattisgarh,Balrampur,497225,17671,0.05880947098155196,-0.7113694900894573
Andhra Pradesh,Kurnool,518003,12663,0.1574996424456169,-0.7112807672340373
Uttar Pradesh,Bijnor,246763,17320,0.07097587186259983,-0.7108404630739058
Delhi,West Delhi,110018,16763,0.08520981396594557,-0.7102939002325942
Bihar,Samastipur,848114,17176,0.0766701312067076,-0.710273601030757
Uttar Pradesh,Shrawasti,271831,17774,0.08561797981161,-0.709701178183468
Chhattisgarh,Baloda Bazar,493228,17355,0.08016304409604981,-0.7092211664815042
Manipur,Bishnupur,795126,13740,0.18417431675130713,-0.708923084677339
Bihar,East Champaran,845401,17085,0.08977189537415815,-0.7087129555662532
