State,Total Updates,Youth Updates,Adult Updates,Districts,Pincodes,Gini Coefficient
100000,2,0,2,1,1,0.0
Andaman & Nicobar Islands,1059,13,1046,3,12,0.6179571923197986
Andaman And Nicobar Islands,6187,604,5583,3,22,0.6137281984219112
Andhra Pradesh,2295582,321148,1974434,45,1846,0.601552609002179
Arunachal Pradesh,36443,5783,30660,25,53,0.46778556743303956
Assam,1012578,84480,928098,37,574,0.5316221382778423
Balanagar,2,0,2,1,1,0.0
Bihar,4814350,380023,4434327,46,921,0.4415460348945264
Chandigarh,83361,13133,70228,3,26,0.7011252264248269
Chhatisgarh,4,0,4,1,1,0.0
Chhattisgarh,2005434,165207,1840227,39,268,0.5340587385268256
Dadra & Nagar Haveli,235,32,203,1,2,0.3553191489361702
Dadra And Nagar Haveli,6033,1310,4723,1,4,0.5649345267694348
Dadra And Nagar Haveli And Daman And Diu,3740,306,3434,3,10,0.6457754010695187
Daman & Diu,644,41,603,2,5,0.3198757763975155
Daman And Diu,1552,234,1318,2,6,0.4688573883161511
Darbhanga,2,0,2,1,1,0.0
Delhi,1438934,175535,1263399,13,93,0.6035632471116499
Goa,35120,3275,31845,5,88,0.5370379478152825
Gujarat,1824327,208474,1615853,39,1030,0.6412346165308327
Haryana,1166140,139314,1026826,23,305,0.6867827752875046
Himachal Pradesh,149214,19424,129790,14,449,0.5769700491152705
Jaipur,2,0,2,1,1,0.0
Jammu & Kashmir,426,23,403,14,87,0.6055798391883869
Jammu And Kashmir,406776,57850,348926,25,205,0.5745954985952597
Jharkhand,1401189,99376,1301813,32,366,0.5233268594014187
Karnataka,1695285,264981,1430304,53,1355,0.5766410230449557
Kerala,744952,61064,683888,15,1416,0.5012864553120564
Ladakh,5735,1375,4360,2,15,0.4807207207207207
Lakshadweep,1176,170,1006,1,9,0.2403628117913832
Madanapalle,2,0,2,1,1,0.0
Madhya Pradesh,2912938,407098,2505840,60,796,0.5634113872998645
Maharashtra,5054602,273322,4781280,53,1609,0.5754982160434827
Manipur,301549,41464,260085,13,54,0.48761640974017717
Meghalaya,87378,8426,78952,13,67,0.5815104932660053
Mizoram,41906,5302,36604,12,50,0.5489552808667018
Nagaland,36791,4314,32477,17,44,0.5627370577290396
Nagpur,1,0,1,1,1,0.0
Odisha,1083307,145646,937661,41,937,0.42970873666523746
Orissa,28758,1853,26905,36,654,0.7324476975745933
Pondicherry,7459,607,6852,3,35,0.42900427096700056
Puducherry,25304,4089,21215,4,35,0.5129014046339371
Punjab,881895,56866,825029,27,526,0.6773242967092317
Puttenahalli,1,0,1,1,1,0.0
Raja Annamalai Puram,1,0,1,1,1,0.0
Rajasthan,2817615,257224,2560391,45,989,0.5343964638236887
Sikkim,20340,1555,18785,10,22,0.4916823098239027
Tamil Nadu,2212228,315638,1896590,45,2089,0.5078008345022911
Telangana,1629908,242259,1387649,41,658,0.48814298601805195
Tripura,138013,11791,126222,9,86,0.4941481751213528
Uttar Pradesh,8542328,790308,7752020,90,1760,0.5260517677914669
Uttarakhand,463637,49926,413711,15,296,0.7380638723712616
Uttaranchal,5,0,5,2,2,0.10000000000000009
West  Bengal,107,6,101,1,6,0.40654205607476634
West Bangal,157,4,153,3,9,0.3397027600849256
West Bengal,3872318,242551,3629767,48,1364,0.5951137848478274
West Bengli,3,0,3,1,1,0.0
Westbengal,152,0,152,2,7,0.3627819548872182
