state,total_enrollment_sum,total_enrollment_mean,age_0_5_sum,age_5_17_sum,age_18_greater_sum,district_performance_score_mean,mom_growth_rate_mean,is_anomaly_sum
100000,214,53.5,0,1,213,28.16,633.9,1
Andaman & Nicobar Islands,111,12.33,106,5,0,45.68,-26.84,0
Andaman And Nicobar Islands,390,32.5,363,27,0,56.04,137.89,1
Andhra Pradesh,124273,661.03,109394,13414,1465,18.99,-7.73,5
Arunachal Pradesh,4240,42.4,1914,2176,150,9.88,-11.21,5
Assam,225359,834.66,137970,64834,22555,14.21,110.44,23
Bihar,593753,2190.97,254911,327043,11799,22.72,93.12,20
Chandigarh,2620,374.29,2377,210,33,43.78,72.45,1
Chhattisgarh,99773,576.72,79653,18158,1962,22.37,26.06,4
Dadra & Nagar Haveli,25,6.25,22,3,0,56.82,-9.66,0
Dadra And Nagar Haveli,738,184.5,664,70,4,51.4,541.3,1
Dadra And Nagar Haveli And Daman And Diu,169,15.36,130,20,19,39.39,-35.24,0
Daman & Diu,21,2.62,20,1,0,43.75,-71.81,0
Daman And Diu,113,14.12,100,13,0,74.34,616.67,0
Delhi,92836,1067.08,67842,21971,3023,19.94,56.07,5
Goa,2280,207.27,1871,253,156,40.32,92.72,0
Gujarat,275042,1041.83,188709,70270,16063,11.29,91.09,14
Haryana,95085,848.97,85112,8897,1076,24.5,33.15,4
Himachal Pradesh,16909,307.44,16081,650,178,24.97,-10.75,5
Jammu & Kashmir,146,4.06,126,20,0,21.34,-65.41,1
Jammu And Kashmir,47492,484.61,39188,7782,522,32.81,11226.71,1
Jharkhand,151324,1002.15,94384,55529,1411,23.5,38.58,2
Karnataka,218189,1048.99,174879,33279,10031,8.59,18.44,16
Kerala,73950,1087.5,52950,18360,2640,25.1,161.2,3
Ladakh,617,77.12,466,133,18,53.19,-20.24,0
Lakshadweep,199,49.75,188,10,1,77.74,-7.26,0
Madhya Pradesh,486909,1479.97,362449,114985,9475,20.5,51.63,20
Maharashtra,362336,1352.0,273424,80824,8088,15.4,94.56,19
Manipur,13199,249.04,5044,7895,260,15.32,-6.8,4
Meghalaya,109239,1126.18,21072,53089,35078,14.44,67.19,4
Mizoram,5774,101.3,4044,1259,471,27.3,-4.91,5
Nagaland,15429,171.43,4453,9856,1120,17.09,-20.2,11
Odisha,116400,668.97,94026,21648,726,17.12,5044.97,21
Orissa,4054,33.5,3474,580,0,11.24,-87.89,2
Pondicherry,1260,105.0,1181,79,0,23.81,3677.63,0
Puducherry,1723,123.07,1565,114,44,27.85,9.64,0
Punjab,75773,561.28,60481,12175,3117,16.68,528.87,3
Rajasthan,340591,1621.86,224977,110131,5483,17.76,93.93,20
Sikkim,2175,50.58,1040,1030,105,19.45,-10.26,5
Tamil Nadu,215709,1153.52,178294,36213,1202,26.26,108.24,5
Telangana,128948,772.14,103768,24035,1145,10.65,6877.19,8
The Dadra And Nagar Haveli And Daman And Diu,716,358.0,548,141,27,76.66,43.78,0
Tripura,10995,289.34,7156,3595,244,35.46,21.93,2
Uttar Pradesh,1002536,1924.25,511696,473141,17699,18.24,74.81,34
Uttarakhand,36956,535.59,31208,5410,338,23.99,30.13,5
West  Bengal,15,5.0,9,6,0,41.67,-32.0,0
West Bangal,10,1.67,7,3,0,55.56,-40.14,0
West Bengal,361750,1614.96,264982,88330,8438,11.64,7092.41,18
Westbengal,7,1.4,4,3,0,70.0,-94.97,0
